dataset,architecture,sparsity,metric_name,metric_value,metric_std,n_runs
actor,gat,0.1,macro_f1,0.22459975367147889,0.009246074551705799,30
actor,gat,0.2,macro_f1,0.22521153611646919,0.009380893466736047,30
actor,gat,0.3,macro_f1,0.22425617963575614,0.00893130493534862,30
actor,gat,0.4,macro_f1,0.22406881498645634,0.010281922656885267,30
actor,gat,0.5,macro_f1,0.2230024402699333,0.009641142985582427,30
actor,gat,0.6,macro_f1,0.2214603317899738,0.011263533761500313,30
actor,gat,0.7,macro_f1,0.21737956623521867,0.01164077849904543,30
actor,gat,0.8,macro_f1,0.2093920486279143,0.013622916092000946,30
actor,gat,0.9,macro_f1,0.18939456844205618,0.014092816446714103,30
actor,gcn,0.1,macro_f1,0.242586264891709,0.010569994463076056,30
actor,gcn,0.2,macro_f1,0.2414670377531108,0.011304520206230677,30
actor,gcn,0.3,macro_f1,0.24086814878363977,0.01208201087258231,30
actor,gcn,0.4,macro_f1,0.23756481788917674,0.010742107851938855,30
actor,gcn,0.5,macro_f1,0.23344764002990018,0.00925577886206857,30
actor,gcn,0.6,macro_f1,0.22997154985413726,0.010799766586975446,30
actor,gcn,0.7,macro_f1,0.22139935091787805,0.01617631361997633,30
actor,gcn,0.8,macro_f1,0.20482521504102535,0.020944096188661433,30
actor,gcn,0.9,macro_f1,0.16895120929213117,0.024321229970852665,30
actor,gprgnn,0.1,macro_f1,0.3214957072013896,0.011516140460181672,30
actor,gprgnn,0.2,macro_f1,0.3222158415646816,0.011684780600754811,30
actor,gprgnn,0.3,macro_f1,0.32238433898452173,0.011673943503489192,30
actor,gprgnn,0.4,macro_f1,0.32269805910798677,0.010196828314600039,30
actor,gprgnn,0.5,macro_f1,0.32124874723492963,0.011508565195759476,30
actor,gprgnn,0.6,macro_f1,0.3207092078326056,0.011981445028236892,30
actor,gprgnn,0.7,macro_f1,0.3176883402936296,0.012218868872720333,30
actor,gprgnn,0.8,macro_f1,0.30096046610525057,0.015635143563078883,30
actor,gprgnn,0.9,macro_f1,0.25023008044865375,0.02135409904726566,30
bbbp,gcn,0.1,accuracy,0.7756097560975611,0.024873265919964825,3
bbbp,gcn,0.2,accuracy,0.7756097560975611,0.024873265919964825,3
bbbp,gcn,0.3,accuracy,0.7772357723577237,0.022647785816559567,3
bbbp,gcn,0.4,accuracy,0.7788617886178862,0.02433598300340777,3
bbbp,gcn,0.5,accuracy,0.7804878048780489,0.022175905198351005,3
bbbp,gcn,0.6,accuracy,0.7707317073170733,0.02788037105606872,3
bbbp,gcn,0.7,accuracy,0.448780487804878,0.17287848923579852,3
bbbp,gcn,0.8,accuracy,0.4569105691056911,0.23310518292627547,3
bbbp,gcn,0.9,accuracy,0.3967479674796748,0.2272121371712854,3
bbbp,graphsage,0.1,accuracy,0.7788617886178862,0.021936158639401713,3
bbbp,graphsage,0.2,accuracy,0.783739837398374,0.020046874806403193,3
bbbp,graphsage,0.3,accuracy,0.7869918699186993,0.016582177279976552,3
bbbp,graphsage,0.4,accuracy,0.7886178861788619,0.016096739734327927,3
bbbp,graphsage,0.5,accuracy,0.7658536585365855,0.014360586774516838,3
bbbp,graphsage,0.6,accuracy,0.6926829268292684,0.08172248372766873,3
bbbp,graphsage,0.7,accuracy,0.3382113821138211,0.05831031244566212,3
bbbp,graphsage,0.8,accuracy,0.5577235772357724,0.2129398512798178,3
bbbp,graphsage,0.9,accuracy,0.5642276422764227,0.23361502500083448,3
citeseer,gat,0.1,accuracy,0.6366666952768961,0.04074580810558917,3
citeseer,gat,0.2,accuracy,0.6346667011578878,0.04275772881867417,3
citeseer,gat,0.3,accuracy,0.6323333581288656,0.04220848226191578,3
citeseer,gat,0.4,accuracy,0.6326666871706644,0.04337689098471402,3
citeseer,gat,0.5,accuracy,0.6316666801770529,0.04692073739428295,3
citeseer,gat,0.6,accuracy,0.6303333640098572,0.04786321938404557,3
citeseer,gat,0.7,accuracy,0.6256666978200277,0.049815220725418996,3
citeseer,gat,0.8,accuracy,0.6200000246365865,0.05844655217253273,3
citeseer,gat,0.9,accuracy,0.5883333484331766,0.07100390378759681,3
citeseer,gcn,0.1,accuracy,0.693000058333079,0.008041556487704424,3
citeseer,gcn,0.2,accuracy,0.6913333733876547,0.007363576342684434,3
citeseer,gcn,0.3,accuracy,0.6940000255902609,0.009416299075714915,3
citeseer,gcn,0.4,accuracy,0.684000035127004,0.013638202779914356,3
citeseer,gcn,0.5,accuracy,0.6756666898727417,0.024850658023070727,3
citeseer,gcn,0.6,accuracy,0.674333373705546,0.027255989058182273,3
citeseer,gcn,0.7,accuracy,0.6420000394185384,0.057393372654539386,3
citeseer,gcn,0.8,accuracy,0.5340000291665395,0.07034676829567536,3
citeseer,gcn,0.9,accuracy,0.41600001851717633,0.11981096871063643,3
computers,gat,0.1,accuracy,0.9059736132621765,0.006638862135467059,3
computers,gat,0.2,accuracy,0.9058524370193481,0.005928575783944497,3
computers,gat,0.3,accuracy,0.9067006309827169,0.004987054674644858,3
computers,gat,0.4,accuracy,0.9042772650718689,0.0040947106970910365,3
computers,gat,0.5,accuracy,0.9027020931243896,0.0011994872667439216,3
computers,gat,0.6,accuracy,0.8886466026306152,0.010760112246410098,3
computers,gat,0.7,accuracy,0.8363019824028015,0.039737218652813495,3
computers,gat,0.8,accuracy,0.7102871934572855,0.05467325205320039,3
computers,gat,0.9,accuracy,0.25893615186214447,0.11978748071929818,3
computers,gcn,0.1,accuracy,0.9042772650718689,0.0009067521781730448,3
computers,gcn,0.2,accuracy,0.9042772650718689,0.0009067521781730448,3
computers,gcn,0.3,accuracy,0.9041561086972555,0.0009540871783657727,3
computers,gcn,0.4,accuracy,0.9036714434623718,0.001853511496551157,3
computers,gcn,0.5,accuracy,0.9039137562115988,0.0020202556255398715,3
computers,gcn,0.6,accuracy,0.9025809168815613,0.00029681996387709384,3
computers,gcn,0.7,accuracy,0.9041560888290405,0.0024713447655835188,3
computers,gcn,0.8,accuracy,0.9017327427864075,0.0019310856628076732,3
computers,gcn,0.9,accuracy,0.8726524114608765,0.02257306402636738,3
cora,gat,0.1,accuracy,0.7970000505447388,0.010198036315239446,3
cora,gat,0.2,accuracy,0.7976667086283366,0.00987702317041549,3
cora,gat,0.3,accuracy,0.7980000376701355,0.009416305405659022,3
cora,gat,0.4,accuracy,0.7970000306765238,0.008831768641070992,3
cora,gat,0.5,accuracy,0.7963333527247111,0.009030817657296923,3
cora,gat,0.6,accuracy,0.7970000306765238,0.0066833275824494075,3
cora,gat,0.7,accuracy,0.796666701634725,0.007845734303475523,3
cora,gat,0.8,accuracy,0.7856667041778564,0.00713365420366309,3
cora,gat,0.9,accuracy,0.7270000179608663,0.020016670019114023,3
cora,gcn,0.1,accuracy,0.8083333770434061,0.003858617546121194,3
cora,gcn,0.2,accuracy,0.8056667049725851,0.0030912220706837005,3
cora,gcn,0.3,accuracy,0.8040000398953756,0.002828418807768084,3
cora,gcn,0.4,accuracy,0.7953333655993143,0.003771243808956783,3
cora,gcn,0.5,accuracy,0.7890000343322754,0.010424324003374853,3
cora,gcn,0.6,accuracy,0.7756667137145996,0.012364821866913588,3
cora,gcn,0.7,accuracy,0.7606667081514994,0.016131420086295915,3
cora,gcn,0.8,accuracy,0.6700000365575155,0.06200539843068466,3
cora,gcn,0.9,accuracy,0.4166666865348816,0.09563938059221785,3
cornell,gat,0.1,macro_f1,0.2804033255160248,0.05670881156588679,30
cornell,gat,0.2,macro_f1,0.2828247353583067,0.0573807797487744,30
cornell,gat,0.3,macro_f1,0.28116492606337384,0.06118313412286486,30
cornell,gat,0.4,macro_f1,0.2959651602324091,0.0672307861207513,30
cornell,gat,0.5,macro_f1,0.2991767140680517,0.06183442322635271,30
cornell,gat,0.6,macro_f1,0.296848647498792,0.0671575226420622,30
cornell,gat,0.7,macro_f1,0.2965496710944137,0.07022467522102042,30
cornell,gat,0.8,macro_f1,0.28662042216012534,0.08275777200956516,30
cornell,gat,0.9,macro_f1,0.23351251219041055,0.06765321994834506,30
cornell,gcn,0.1,macro_f1,0.24857103508293857,0.05659777642766202,30
cornell,gcn,0.2,macro_f1,0.24857103508293857,0.05659777642766202,30
cornell,gcn,0.3,macro_f1,0.24944021953832993,0.057411953126401356,30
cornell,gcn,0.4,macro_f1,0.24909876706678627,0.05632674670003132,30
cornell,gcn,0.5,macro_f1,0.2476706606180756,0.05696672509782416,30
cornell,gcn,0.6,macro_f1,0.2443051412187475,0.0550374066990821,30
cornell,gcn,0.7,macro_f1,0.2546108192526131,0.05652054770924441,30
cornell,gcn,0.8,macro_f1,0.24992362877523128,0.05901070042278277,30
cornell,gcn,0.9,macro_f1,0.23515733206725137,0.07464687987432576,30
cornell,gprgnn,0.1,macro_f1,0.4450970289928453,0.11826292978431639,30
cornell,gprgnn,0.2,macro_f1,0.4450970289928453,0.11826292978431639,30
cornell,gprgnn,0.3,macro_f1,0.4447686074144237,0.11843383631151058,30
cornell,gprgnn,0.4,macro_f1,0.4392441512898966,0.11193900016968153,30
cornell,gprgnn,0.5,macro_f1,0.4383293121028096,0.10881477612370463,30
cornell,gprgnn,0.6,macro_f1,0.4542904230311008,0.11111868701776491,30
cornell,gprgnn,0.7,macro_f1,0.4516243997914425,0.10552455280903454,30
cornell,gprgnn,0.8,macro_f1,0.40638729530774037,0.10438600169682241,30
cornell,gprgnn,0.9,macro_f1,0.29659890126555644,0.1203079412411996,30
cs,gcn,0.1,accuracy,0.9405670364697775,0.0019277687529892858,3
cs,gcn,0.2,accuracy,0.9411122997601827,0.0021923562065564914,3
cs,gcn,0.3,accuracy,0.9397491415341696,0.0019785096416859477,3
cs,gcn,0.4,accuracy,0.9395673672358195,0.0034508931796990157,3
cs,gcn,0.5,accuracy,0.9372954765955607,0.003294192749653579,3
cs,gcn,0.6,accuracy,0.9334787130355835,0.000970303136602863,3
cs,gcn,0.7,accuracy,0.9047618707021078,0.01402615684936385,3
cs,gcn,0.8,accuracy,0.877862552801768,0.02383066276609486,3
cs,gcn,0.9,accuracy,0.6643038590749105,0.09440818833195969,3
flickr,graphsage,0.1,accuracy,0.4996638894081116,0.0,1
flickr,graphsage,0.2,accuracy,0.4995742440223694,0.0,1
flickr,graphsage,0.3,accuracy,0.49979832768440247,0.0,1
flickr,graphsage,0.4,accuracy,0.4993501603603363,0.0,1
flickr,graphsage,0.5,accuracy,0.4992605149745941,0.0,1
flickr,graphsage,0.6,accuracy,0.4991708993911743,0.0,1
flickr,graphsage,0.7,accuracy,0.49760228395462036,0.0,1
flickr,graphsage,0.8,accuracy,0.4853224456310272,0.0,1
flickr,graphsage,0.9,accuracy,0.4429704546928406,0.0,1
ogbn-arxiv,graphsage,0.1,accuracy,0.5485258102416992,0.0,1
ogbn-arxiv,graphsage,0.2,accuracy,0.5485258102416992,0.0,1
ogbn-arxiv,graphsage,0.3,accuracy,0.5485258102416992,0.0,1
ogbn-arxiv,graphsage,0.4,accuracy,0.5484846830368042,0.0,1
ogbn-arxiv,graphsage,0.5,accuracy,0.5477645397186279,0.0,1
ogbn-arxiv,graphsage,0.6,accuracy,0.5476616621017456,0.0,1
ogbn-arxiv,graphsage,0.7,accuracy,0.5378680229187012,0.0,1
ogbn-arxiv,graphsage,0.8,accuracy,0.48797398805618286,0.0,1
ogbn-arxiv,graphsage,0.9,accuracy,0.29578420519828796,0.0,1
photo,gat,0.1,accuracy,0.9259259502092997,0.0202250870807509,3
photo,gat,0.2,accuracy,0.9254902203877767,0.019440108682725124,3
photo,gat,0.3,accuracy,0.9257080952326456,0.017385565275948648,3
photo,gat,0.4,accuracy,0.9233115712801615,0.016242277656510918,3
photo,gat,0.5,accuracy,0.9172113537788391,0.0162772816505814,3
photo,gat,0.6,accuracy,0.8980392416318258,0.019440080627206077,3
photo,gat,0.7,accuracy,0.8568627635637919,0.03862664769405996,3
photo,gat,0.8,accuracy,0.7034858663876852,0.10601587581011658,3
photo,gat,0.9,accuracy,0.5636165738105774,0.012196536129469488,3
photo,gcn,0.1,accuracy,0.9411764939626058,0.0009243084857429134,3
photo,gcn,0.2,accuracy,0.9411764939626058,0.0009243084857429134,3
photo,gcn,0.3,accuracy,0.9409586191177368,0.0011108935349045958,3
photo,gcn,0.4,accuracy,0.9413943489392599,0.0013430223988657156,3
photo,gcn,0.5,accuracy,0.9407407641410828,0.001342996614465232,3
photo,gcn,0.6,accuracy,0.9403050343195597,0.0003081215605136426,3
photo,gcn,0.7,accuracy,0.9400871594746908,0.0018741332784974925,3
photo,gcn,0.8,accuracy,0.9379085103670756,0.0034994397701304707,3
photo,gcn,0.9,accuracy,0.929847518603007,0.004538702293428822,3
physics,gcn,0.1,accuracy,0.9673912525177002,0.0009392268898335258,3
physics,gcn,0.2,accuracy,0.9673912723859152,0.0008933875771333881,3
physics,gcn,0.3,accuracy,0.9667632381121317,0.0010202489564229427,3
physics,gcn,0.4,accuracy,0.9671497344970703,0.000595600312877459,3
physics,gcn,0.5,accuracy,0.9673912723859152,0.0005916689148799873,3
physics,gcn,0.6,accuracy,0.9656521280606588,0.003691150665142229,3
physics,gcn,0.7,accuracy,0.961014449596405,0.005848810100536013,3
physics,gcn,0.8,accuracy,0.9398067196210226,0.01599258811176651,3
physics,gcn,0.9,accuracy,0.8908695181210836,0.07443021365099695,3
proteins,gcn,0.1,accuracy,0.6934523809523809,0.04686909448816553,3
proteins,gcn,0.2,accuracy,0.6964285714285715,0.0510310363079829,3
proteins,gcn,0.3,accuracy,0.6904761904761904,0.04854019770922644,3
proteins,gcn,0.4,accuracy,0.6875,0.04434423936235518,3
proteins,gcn,0.5,accuracy,0.6934523809523809,0.041453536539238445,3
proteins,gcn,0.6,accuracy,0.6726190476190476,0.016835875742536838,3
proteins,gcn,0.7,accuracy,0.6607142857142857,0.025253813613805284,3
proteins,gcn,0.8,accuracy,0.6339285714285715,0.03340765523905307,3
proteins,gcn,0.9,accuracy,0.6279761904761905,0.03035130662852846,3
proteins,graphsage,0.1,accuracy,0.6666666666666666,0.016835875742536838,3
proteins,graphsage,0.2,accuracy,0.6607142857142857,0.01928791874526147,3
proteins,graphsage,0.3,accuracy,0.6577380952380952,0.021044844678171033,3
proteins,graphsage,0.4,accuracy,0.6547619047619048,0.02343454724408277,3
proteins,graphsage,0.5,accuracy,0.6517857142857143,0.02628500257835668,3
proteins,graphsage,0.6,accuracy,0.6577380952380952,0.03596144634998387,3
proteins,graphsage,0.7,accuracy,0.6428571428571428,0.012626906806902642,3
proteins,graphsage,0.8,accuracy,0.6488095238095238,0.02227177015936871,3
proteins,graphsage,0.9,accuracy,0.6130952380952381,0.011135885079684358,3
pubmed,gat,0.1,accuracy,0.7606667081514994,0.007363576342684434,3
pubmed,gat,0.2,accuracy,0.7613333662350973,0.007039576022618765,3
pubmed,gat,0.3,accuracy,0.7596667011578878,0.0057927154670852745,3
pubmed,gat,0.4,accuracy,0.756000022093455,0.005099008416442664,3
pubmed,gat,0.5,accuracy,0.7486667037010193,0.009463369846281424,3
pubmed,gat,0.6,accuracy,0.7343333760897318,0.012657899298567775,3
pubmed,gat,0.7,accuracy,0.7133333683013916,0.016438444870299336,3
pubmed,gat,0.8,accuracy,0.6423333485921224,0.028193761896435906,3
pubmed,gat,0.9,accuracy,0.4520000219345093,0.09614919344457497,3
pubmed,gcn,0.1,accuracy,0.7833333810170492,0.0033993493349167253,3
pubmed,gcn,0.2,accuracy,0.780666708946228,0.007039554384493494,3
pubmed,gcn,0.3,accuracy,0.7743333776791891,0.011025227627912854,3
pubmed,gcn,0.4,accuracy,0.76200004418691,0.013140247897498708,3
pubmed,gcn,0.5,accuracy,0.7350000341733297,0.015937367986009855,3
pubmed,gcn,0.6,accuracy,0.7136667172114054,0.02639865046689947,3
pubmed,gcn,0.7,accuracy,0.6640000144640604,0.054135627337569395,3
pubmed,gcn,0.8,accuracy,0.6053333481152853,0.05280361384786808,3
pubmed,gcn,0.9,accuracy,0.5050000349680582,0.01845716001973696,3
reddit,gcn,0.1,accuracy,0.35585713386535645,0.0,1
reddit,gcn,0.2,accuracy,0.35585713386535645,0.0,1
reddit,gcn,0.3,accuracy,0.35585713386535645,0.0,1
reddit,gcn,0.4,accuracy,0.35585713386535645,0.0,1
reddit,gcn,0.5,accuracy,0.35585713386535645,0.0,1
reddit,gcn,0.6,accuracy,0.35585713386535645,0.0,1
reddit,gcn,0.7,accuracy,0.35585713386535645,0.0,1
reddit,gcn,0.8,accuracy,0.35585713386535645,0.0,1
reddit,gcn,0.9,accuracy,0.3547728359699249,0.0,1
reddit,graphsage,0.1,accuracy,0.5348971486091614,0.0,1
reddit,graphsage,0.2,accuracy,0.5348971486091614,0.0,1
reddit,graphsage,0.3,accuracy,0.5348971486091614,0.0,1
reddit,graphsage,0.4,accuracy,0.5348971486091614,0.0,1
reddit,graphsage,0.5,accuracy,0.5348971486091614,0.0,1
reddit,graphsage,0.6,accuracy,0.5348971486091614,0.0,1
reddit,graphsage,0.7,accuracy,0.5348971486091614,0.0,1
reddit,graphsage,0.8,accuracy,0.5348971486091614,0.0,1
reddit,graphsage,0.9,accuracy,0.5348971486091614,0.0,1
texas,gcn,0.1,macro_f1,0.2723767866002505,0.07719015750892233,30
texas,gcn,0.2,macro_f1,0.2723767866002505,0.07719015750892233,30
texas,gcn,0.3,macro_f1,0.2723767866002505,0.07719015750892233,30
texas,gcn,0.4,macro_f1,0.27077755191075775,0.07246988735246535,30
texas,gcn,0.5,macro_f1,0.2705143865975352,0.07239189161151968,30
texas,gcn,0.6,macro_f1,0.2652830427653627,0.0729868268908743,30
texas,gcn,0.7,macro_f1,0.2615689955859442,0.07697827237383803,30
texas,gcn,0.8,macro_f1,0.24410405324380127,0.07015352380807004,30
texas,gcn,0.9,macro_f1,0.21170550072498748,0.08887582724850984,30
texas,gprgnn,0.1,macro_f1,0.5481813900235161,0.10128814988149804,30
texas,gprgnn,0.2,macro_f1,0.5481813900235161,0.10128814988149804,30
texas,gprgnn,0.3,macro_f1,0.5481813900235161,0.10128814988149804,30
texas,gprgnn,0.4,macro_f1,0.5459256999771285,0.10132843861524378,30
texas,gprgnn,0.5,macro_f1,0.5442894557635058,0.10336605510248931,30
texas,gprgnn,0.6,macro_f1,0.5369513841942593,0.10776637069985359,30
texas,gprgnn,0.7,macro_f1,0.5212091414164896,0.11439030023373077,30
texas,gprgnn,0.8,macro_f1,0.48704506209774695,0.11179571724675251,30
texas,gprgnn,0.9,macro_f1,0.3505938146393944,0.1389010932168967,30
wisconsin,gcn,0.1,macro_f1,0.30086895997917235,0.047601107949885174,30
wisconsin,gcn,0.2,macro_f1,0.30086895997917235,0.047601107949885174,30
wisconsin,gcn,0.3,macro_f1,0.30086895997917235,0.047601107949885174,30
wisconsin,gcn,0.4,macro_f1,0.3017270352372476,0.04800505873028608,30
wisconsin,gcn,0.5,macro_f1,0.30028647028826666,0.047690530819677765,30
wisconsin,gcn,0.6,macro_f1,0.29894806201389773,0.044459563434567986,30
wisconsin,gcn,0.7,macro_f1,0.3000722926287136,0.04077663874432579,30
wisconsin,gcn,0.8,macro_f1,0.2917447788931475,0.05941097628215768,30
wisconsin,gcn,0.9,macro_f1,0.26848468878121295,0.08574132506705794,30
wisconsin,gprgnn,0.1,macro_f1,0.6042008815563862,0.08821230007648173,30
wisconsin,gprgnn,0.2,macro_f1,0.6042008815563862,0.08821230007648173,30
wisconsin,gprgnn,0.3,macro_f1,0.6042008815563862,0.08821230007648173,30
wisconsin,gprgnn,0.4,macro_f1,0.6043292565908304,0.08759677503452212,30
wisconsin,gprgnn,0.5,macro_f1,0.6057259297062991,0.08757044408398719,30
wisconsin,gprgnn,0.6,macro_f1,0.6048118112746856,0.09386017110961092,30
wisconsin,gprgnn,0.7,macro_f1,0.6039291846856286,0.108490909593652,30
wisconsin,gprgnn,0.8,macro_f1,0.5693201668622786,0.10176912014122813,30
wisconsin,gprgnn,0.9,macro_f1,0.4872421095158606,0.13238374605249378,30
yelp,graphsage,0.1,micro_f1,0.29044748957604327,0.0,1
yelp,graphsage,0.2,micro_f1,0.29044748957604327,0.0,1
yelp,graphsage,0.3,micro_f1,0.29044748957604327,0.0,1
yelp,graphsage,0.4,micro_f1,0.29044748957604327,0.0,1
yelp,graphsage,0.5,micro_f1,0.29044748957604327,0.0,1
yelp,graphsage,0.6,micro_f1,0.29044748957604327,0.0,1
yelp,graphsage,0.7,micro_f1,0.29043374813527956,0.0,1
yelp,graphsage,0.8,micro_f1,0.29024794481091315,0.0,1
yelp,graphsage,0.9,micro_f1,0.28702471724601225,0.0,1
