dataset,architecture,sparsity,metric_name,metric_value,n_runs
actor,gat,0.1,macro_f1,0.22638311061926514,10
actor,gat,0.2,macro_f1,0.22662607885857072,10
actor,gat,0.3,macro_f1,0.22640360757357175,10
actor,gat,0.4,macro_f1,0.22688333458057253,10
actor,gat,0.5,macro_f1,0.22648457092483493,10
actor,gat,0.6,macro_f1,0.22707421430780986,10
actor,gat,0.7,macro_f1,0.22213500088137916,10
actor,gat,0.8,macro_f1,0.216554481049173,10
actor,gat,0.9,macro_f1,0.1981839914881159,10
actor,gcn,0.1,macro_f1,0.2427203643543594,10
actor,gcn,0.2,macro_f1,0.24215897979263334,10
actor,gcn,0.3,macro_f1,0.2435566154354362,10
actor,gcn,0.4,macro_f1,0.2390875545375224,10
actor,gcn,0.5,macro_f1,0.23466030187237844,10
actor,gcn,0.6,macro_f1,0.23222898324441438,10
actor,gcn,0.7,macro_f1,0.21882574082205525,10
actor,gcn,0.8,macro_f1,0.19649230102323725,10
actor,gcn,0.9,macro_f1,0.1684579117627402,10
bbbp,gcn,0.1,accuracy,0.8,1
bbbp,gcn,0.2,accuracy,0.8,1
bbbp,gcn,0.3,accuracy,0.8,1
bbbp,gcn,0.4,accuracy,0.8048780487804879,1
bbbp,gcn,0.5,accuracy,0.8146341463414634,1
bbbp,gcn,0.6,accuracy,0.8195121951219512,1
bbbp,gcn,0.7,accuracy,0.7902439024390244,1
bbbp,gcn,0.8,accuracy,0.7853658536585366,1
bbbp,gcn,0.9,accuracy,0.2146341463414634,1
bbbp,graphsage,0.1,accuracy,0.7804878048780488,1
bbbp,graphsage,0.2,accuracy,0.7804878048780488,1
bbbp,graphsage,0.3,accuracy,0.7804878048780488,1
bbbp,graphsage,0.4,accuracy,0.7853658536585366,1
bbbp,graphsage,0.5,accuracy,0.7853658536585366,1
bbbp,graphsage,0.6,accuracy,0.7951219512195122,1
bbbp,graphsage,0.7,accuracy,0.8048780487804879,1
bbbp,graphsage,0.8,accuracy,0.7902439024390244,1
bbbp,graphsage,0.9,accuracy,0.2146341463414634,1
citeseer,gat,0.1,accuracy,0.6950000524520874,1
citeseer,gat,0.2,accuracy,0.6950000524520874,1
citeseer,gat,0.3,accuracy,0.6920000314712524,1
citeseer,gat,0.4,accuracy,0.6930000185966492,1
citeseer,gat,0.5,accuracy,0.6990000605583191,1
citeseer,gat,0.6,accuracy,0.6970000267028809,1
citeseer,gat,0.7,accuracy,0.6970000267028809,1
citeseer,gat,0.8,accuracy,0.6980000138282776,1
citeseer,gat,0.9,accuracy,0.6770000457763672,1
citeseer,gcn,0.1,accuracy,0.6910000443458557,1
citeseer,gcn,0.2,accuracy,0.6920000314712524,1
citeseer,gcn,0.3,accuracy,0.6950000524520874,1
citeseer,gcn,0.4,accuracy,0.6880000233650208,1
citeseer,gcn,0.5,accuracy,0.6840000152587891,1
citeseer,gcn,0.6,accuracy,0.6760000586509705,1
citeseer,gcn,0.7,accuracy,0.675000011920929,1
citeseer,gcn,0.8,accuracy,0.6370000243186951,1
citeseer,gcn,0.9,accuracy,0.5180000066757202,1
computers,gat,0.1,accuracy,0.8993093967437744,1
computers,gat,0.2,accuracy,0.8989458680152893,1
computers,gat,0.3,accuracy,0.9029444456100464,1
computers,gat,0.4,accuracy,0.9033079147338867,1
computers,gat,0.5,accuracy,0.8978553414344788,1
computers,gat,0.6,accuracy,0.8851327300071716,1
computers,gat,0.7,accuracy,0.8458742499351501,1
computers,gat,0.8,accuracy,0.6670302152633667,1
computers,gat,0.9,accuracy,0.34096693992614746,1
computers,gcn,0.1,accuracy,0.9051254391670227,1
computers,gcn,0.2,accuracy,0.9051254391670227,1
computers,gcn,0.3,accuracy,0.9054889678955078,1
computers,gcn,0.4,accuracy,0.9054889678955078,1
computers,gcn,0.5,accuracy,0.9062159657478333,1
computers,gcn,0.6,accuracy,0.9058524370193481,1
computers,gcn,0.7,accuracy,0.9011269211769104,1
computers,gcn,0.8,accuracy,0.9007633924484253,1
computers,gcn,0.9,accuracy,0.8927662968635559,1
cora,gat,0.1,accuracy,0.7830000519752502,1
cora,gat,0.2,accuracy,0.784000039100647,1
cora,gat,0.3,accuracy,0.784000039100647,1
cora,gat,0.4,accuracy,0.7850000262260437,1
cora,gat,0.5,accuracy,0.7830000519752502,1
cora,gat,0.6,accuracy,0.7920000553131104,1
cora,gat,0.7,accuracy,0.7870000600814819,1
cora,gat,0.8,accuracy,0.7850000262260437,1
cora,gat,0.9,accuracy,0.7230000495910645,1
cora,gcn,0.1,accuracy,0.8030000329017639,1
cora,gcn,0.2,accuracy,0.8020000457763672,1
cora,gcn,0.3,accuracy,0.8030000329017639,1
cora,gcn,0.4,accuracy,0.8040000200271606,1
cora,gcn,0.5,accuracy,0.8090000152587891,1
cora,gcn,0.6,accuracy,0.800000011920929,1
cora,gcn,0.7,accuracy,0.7910000085830688,1
cora,gcn,0.8,accuracy,0.7780000567436218,1
cora,gcn,0.9,accuracy,0.5800000429153442,1
cornell,gat,0.1,macro_f1,0.29864561901865966,10
cornell,gat,0.2,macro_f1,0.29829664828590124,10
cornell,gat,0.3,macro_f1,0.2967113269559979,10
cornell,gat,0.4,macro_f1,0.30013258115366775,10
cornell,gat,0.5,macro_f1,0.2976073607195898,10
cornell,gat,0.6,macro_f1,0.3299327057030365,10
cornell,gat,0.7,macro_f1,0.32368655660456236,10
cornell,gat,0.8,macro_f1,0.31936554534314865,10
cornell,gat,0.9,macro_f1,0.2708739585686146,10
cornell,gcn,0.1,macro_f1,0.2435387667887668,10
cornell,gcn,0.2,macro_f1,0.2435387667887668,10
cornell,gcn,0.3,macro_f1,0.2435387667887668,10
cornell,gcn,0.4,macro_f1,0.2435387667887668,10
cornell,gcn,0.5,macro_f1,0.2434442289736407,10
cornell,gcn,0.6,macro_f1,0.24005650505650503,10
cornell,gcn,0.7,macro_f1,0.24306796540655937,10
cornell,gcn,0.8,macro_f1,0.2425618012191598,10
cornell,gcn,0.9,macro_f1,0.21632178385952122,10
cs,gcn,0.1,accuracy,0.9378407597541809,1
cs,gcn,0.2,accuracy,0.9383860230445862,1
cs,gcn,0.3,accuracy,0.9372954964637756,1
cs,gcn,0.4,accuracy,0.9362049698829651,1
cs,gcn,0.5,accuracy,0.9351144433021545,1
cs,gcn,0.6,accuracy,0.9288440346717834,1
cs,gcn,0.7,accuracy,0.9103053212165833,1
cs,gcn,0.8,accuracy,0.8230643272399902,1
cs,gcn,0.9,accuracy,0.5308069586753845,1
flickr,graphsage,0.1,accuracy,0.4474521577358246,1
flickr,graphsage,0.2,accuracy,0.44660064578056335,1
flickr,graphsage,0.3,accuracy,0.44449424743652344,1
flickr,graphsage,0.4,accuracy,0.4436427354812622,1
flickr,graphsage,0.5,accuracy,0.4427015781402588,1
flickr,graphsage,0.6,accuracy,0.4404158890247345,1
flickr,graphsage,0.7,accuracy,0.4369201958179474,1
flickr,graphsage,0.8,accuracy,0.4345897138118744,1
flickr,graphsage,0.9,accuracy,0.4311836063861847,1
ogbn-arxiv,graphsage,0.1,accuracy,0.5483406186103821,1
ogbn-arxiv,graphsage,0.2,accuracy,0.5483406186103821,1
ogbn-arxiv,graphsage,0.3,accuracy,0.5480526089668274,1
ogbn-arxiv,graphsage,0.4,accuracy,0.5481554865837097,1
ogbn-arxiv,graphsage,0.5,accuracy,0.5418390035629272,1
ogbn-arxiv,graphsage,0.6,accuracy,0.5350286960601807,1
ogbn-arxiv,graphsage,0.7,accuracy,0.4844762682914734,1
ogbn-arxiv,graphsage,0.8,accuracy,0.3674258887767792,1
ogbn-arxiv,graphsage,0.9,accuracy,0.09519988298416138,1
photo,gat,0.1,accuracy,0.9019607901573181,1
photo,gat,0.2,accuracy,0.9032679796218872,1
photo,gat,0.3,accuracy,0.9065359830856323,1
photo,gat,0.4,accuracy,0.9078431725502014,1
photo,gat,0.5,accuracy,0.901307225227356,1
photo,gat,0.6,accuracy,0.8836601376533508,1
photo,gat,0.7,accuracy,0.7862745523452759,1
photo,gat,0.8,accuracy,0.5745097994804382,1
photo,gat,0.9,accuracy,0.27581700682640076,1
photo,gcn,0.1,accuracy,0.9392157196998596,1
photo,gcn,0.2,accuracy,0.9392157196998596,1
photo,gcn,0.3,accuracy,0.9392157196998596,1
photo,gcn,0.4,accuracy,0.9398692846298218,1
photo,gcn,0.5,accuracy,0.9392157196998596,1
photo,gcn,0.6,accuracy,0.9405229091644287,1
photo,gcn,0.7,accuracy,0.9392157196998596,1
photo,gcn,0.8,accuracy,0.9379085302352905,1
photo,gcn,0.9,accuracy,0.9274510145187378,1
physics,gcn,0.1,accuracy,0.9662318229675293,1
physics,gcn,0.2,accuracy,0.9660869240760803,1
physics,gcn,0.3,accuracy,0.9657970666885376,1
physics,gcn,0.4,accuracy,0.9660869240760803,1
physics,gcn,0.5,accuracy,0.9649274945259094,1
physics,gcn,0.6,accuracy,0.960869550704956,1
physics,gcn,0.7,accuracy,0.9559419751167297,1
physics,gcn,0.8,accuracy,0.9382608532905579,1
physics,gcn,0.9,accuracy,0.9060869216918945,1
proteins,gcn,0.1,accuracy,0.6517857142857143,1
proteins,gcn,0.2,accuracy,0.6517857142857143,1
proteins,gcn,0.3,accuracy,0.6517857142857143,1
proteins,gcn,0.4,accuracy,0.6517857142857143,1
proteins,gcn,0.5,accuracy,0.6517857142857143,1
proteins,gcn,0.6,accuracy,0.6607142857142857,1
proteins,gcn,0.7,accuracy,0.6339285714285714,1
proteins,gcn,0.8,accuracy,0.625,1
proteins,gcn,0.9,accuracy,0.5982142857142857,1
proteins,graphsage,0.1,accuracy,0.6428571428571429,1
proteins,graphsage,0.2,accuracy,0.6428571428571429,1
proteins,graphsage,0.3,accuracy,0.6428571428571429,1
proteins,graphsage,0.4,accuracy,0.6339285714285714,1
proteins,graphsage,0.5,accuracy,0.625,1
proteins,graphsage,0.6,accuracy,0.6160714285714286,1
proteins,graphsage,0.7,accuracy,0.6517857142857143,1
proteins,graphsage,0.8,accuracy,0.625,1
proteins,graphsage,0.9,accuracy,0.5982142857142857,1
pubmed,gat,0.1,accuracy,0.7600000500679016,1
pubmed,gat,0.2,accuracy,0.7610000371932983,1
pubmed,gat,0.3,accuracy,0.76500004529953,1
pubmed,gat,0.4,accuracy,0.7570000290870667,1
pubmed,gat,0.5,accuracy,0.7570000290870667,1
pubmed,gat,0.6,accuracy,0.7390000224113464,1
pubmed,gat,0.7,accuracy,0.7190000414848328,1
pubmed,gat,0.8,accuracy,0.6570000052452087,1
pubmed,gat,0.9,accuracy,0.5440000295639038,1
pubmed,gcn,0.1,accuracy,0.781000018119812,1
pubmed,gcn,0.2,accuracy,0.7740000486373901,1
pubmed,gcn,0.3,accuracy,0.7760000228881836,1
pubmed,gcn,0.4,accuracy,0.7830000519752502,1
pubmed,gcn,0.5,accuracy,0.7860000133514404,1
pubmed,gcn,0.6,accuracy,0.7820000648498535,1
pubmed,gcn,0.7,accuracy,0.7640000581741333,1
pubmed,gcn,0.8,accuracy,0.7780000567436218,1
pubmed,gcn,0.9,accuracy,0.7470000386238098,1
reddit,gcn,0.1,accuracy,0.5645714998245239,1
reddit,gcn,0.2,accuracy,0.5645714998245239,1
reddit,gcn,0.3,accuracy,0.5645714998245239,1
reddit,gcn,0.4,accuracy,0.5645714998245239,1
reddit,gcn,0.5,accuracy,0.5646076202392578,1
reddit,gcn,0.6,accuracy,0.5645895600318909,1
reddit,gcn,0.7,accuracy,0.5641738772392273,1
reddit,gcn,0.8,accuracy,0.5598908066749573,1
reddit,gcn,0.9,accuracy,0.47041600942611694,1
reddit,graphsage,0.1,accuracy,0.4794520437717438,1
reddit,graphsage,0.2,accuracy,0.4794520437717438,1
reddit,graphsage,0.3,accuracy,0.4794520437717438,1
reddit,graphsage,0.4,accuracy,0.4794520437717438,1
reddit,graphsage,0.5,accuracy,0.4794520437717438,1
reddit,graphsage,0.6,accuracy,0.4794520437717438,1
reddit,graphsage,0.7,accuracy,0.4794520437717438,1
reddit,graphsage,0.8,accuracy,0.4794520437717438,1
reddit,graphsage,0.9,accuracy,0.4794520437717438,1
texas,gcn,0.1,macro_f1,0.2585501539316237,10
texas,gcn,0.2,macro_f1,0.2585501539316237,10
texas,gcn,0.3,macro_f1,0.2585501539316237,10
texas,gcn,0.4,macro_f1,0.25921682059829043,10
texas,gcn,0.5,macro_f1,0.25921682059829043,10
texas,gcn,0.6,macro_f1,0.26175108978759265,10
texas,gcn,0.7,macro_f1,0.2563101049378908,10
texas,gcn,0.8,macro_f1,0.2734963026898181,10
texas,gcn,0.9,macro_f1,0.2463884656442925,10
wisconsin,gcn,0.1,macro_f1,0.31380720832627235,10
wisconsin,gcn,0.2,macro_f1,0.31380720832627235,10
wisconsin,gcn,0.3,macro_f1,0.31380720832627235,10
wisconsin,gcn,0.4,macro_f1,0.3125027757102947,10
wisconsin,gcn,0.5,macro_f1,0.30144204376787803,10
wisconsin,gcn,0.6,macro_f1,0.30764846218902253,10
wisconsin,gcn,0.7,macro_f1,0.3096854872471399,10
wisconsin,gcn,0.8,macro_f1,0.2887870894847222,10
wisconsin,gcn,0.9,macro_f1,0.27046237344500856,10
yelp,graphsage,0.1,micro_f1,0.29621852297166856,1
yelp,graphsage,0.2,micro_f1,0.29602021059985956,1
yelp,graphsage,0.3,micro_f1,0.2962803488690555,1
yelp,graphsage,0.4,micro_f1,0.29695348972549757,1
yelp,graphsage,0.5,micro_f1,0.2972961452664782,1
yelp,graphsage,0.6,micro_f1,0.29921632518009417,1
yelp,graphsage,0.7,micro_f1,0.301621842216413,1
yelp,graphsage,0.8,micro_f1,0.29860018539157657,1
yelp,graphsage,0.9,micro_f1,0.29831604176145066,1
